{
  "generator-jhipster": {
    "promptValues": {
      "packageName": "fr.gouv.justice.cpn.commun"
    },
    "jhipsterVersion": "6.7.1",
    "applicationType": "microservice",
    "baseName": "cpnCommun",
    "packageName": "fr.gouv.justice.cpn.commun",
    "packageFolder": "fr/gouv/justice/cpn/commun",
    "serverPort": "8081",
    "authenticationType": "jwt",
    "cacheProvider": "no",
    "enableHibernateCache": false,
    "websocket": false,
    "databaseType": "no",
    "devDatabaseType": "no",
    "prodDatabaseType": "no",
    "searchEngine": false,
    "messageBroker": false,
    "serviceDiscoveryType": false,
    "buildTool": "maven",
    "enableSwaggerCodegen": false,
    "jwtSecretKey": "ZGFjYWFkZDY5MzdhMTIyMzBiNTZhNDA1ZDkwODA3YjhiOThjZWQ2ZjQzY2IwN2RhMmFiNmY5YWYxYzU0NDA1YWNlMDVkMzdkMGJhZWY5ZjU3OWJjNDlkMTNjY2FkMmZkYzU4ZDNiZmNlNmNiY2M3NWJiN2FkMDkyZjk0Mzc2OTQ=",
    "embeddableLaunchScript": false,
    "creationTimestamp": 1613505704034,
    "testFrameworks": [],
    "jhiPrefix": "jhi",
    "entitySuffix": "",
    "dtoSuffix": "DTO",
    "otherModules": [],
    "enableTranslation": false,
    "clientPackageManager": "npm",
    "blueprints": [],
    "reactive": true,
    "skipClient": true,
    "skipUserManagement": true
  }
}
