<?xml version="1.0" encoding="UTF-8"?>
<suppressions xmlns="https://jeremylong.github.io/DependencyCheck/dependency-suppression.1.3.xsd">
    <suppress>
        <notes><![CDATA[
      file name: jhipster-framework-3.6.0.jar
      ]]></notes>
        <packageUrl regex="true">^pkg:maven/io\.github\.jhipster/jhipster\-framework@.*$</packageUrl>
        <cpe>cpe:/a:jhipster:jhipster</cpe>
    </suppress>
    <suppress>
        <notes><![CDATA[
   file name: minimist:1.2.4
   ]]></notes>
        <packageUrl regex="true">^pkg:npm/minimist@.*$</packageUrl>
        <vulnerabilityName>1179</vulnerabilityName>
    </suppress>
</suppressions>
