{
    "extends"       : "tslint:recommended",
    "rules"         : {
        "align"                       : {
            "options": [
                "parameters",
                "statements"
            ]
        },
        "import-spacing"              : false,
        "selector-type-no-unknown"    : [
            true,
            {
                "ignoreTypes": [
                    "/^app-sidebar-/",
                    "/^retrace-/",
                    "/^mc-breadcrumbs/",
                    "/^app-alerte/",
                    "/^cpn-app-alter/",
                    "/^ngb-tooltip-window/"
                ]
            }
        ],
        "arrow-return-shorthand"      : true,
        "indent"                      : false,
        "array-type"                  : false,
        "arrow-parens"                : false,
        "curly"                       : true,
        "deprecation"                 : {
            "severity": "warning"
        },
        "component-class-suffix"      : true,
        "contextual-lifecycle"        : true,
        "eofline"                     : true,
        "directive-class-suffix"      : true,
        "directive-selector"          : [
            true,
            "attribute",
            "app",
            "camelCase"
        ],
        "component-selector"          : [
            true,
            "element",
            "app",
            "kebab-case"
        ],
        "import-blacklist"            : [
            true,
            "rxjs/Rx"
        ],
        "interface-name"              : false,
        "max-classes-per-file"        : false,
        "max-line-length"             : [
            true,
            240
        ],
        "member-access"               : false,
        "member-ordering"             : [
            true,
            {
                "order": [
                    "static-field",
                    "instance-field",
                    "static-method",
                    "instance-method"
                ]
            }
        ],
        "no-consecutive-blank-lines"  : false,
        "no-console"                  : [
            true,
            "debug",
            "info",
            "time",
            "timeEnd",
            "trace"
        ],
        "no-empty"                    : false,
        "no-inferrable-types"         : [
            true,
            "ignore-params"
        ],
        "no-non-null-assertion"       : true,
        "no-redundant-jsdoc"          : true,
        "no-switch-case-fall-through" : true,
        "no-var-requires"             : false,
        "object-literal-key-quotes"   : [
            true,
            "as-needed"
        ],
        "object-literal-sort-keys"    : false,
        "ordered-imports"             : false,
        "quotemark"                   : [
            true,
            "single"
        ],
        "trailing-comma"              : false,
        "no-conflicting-lifecycle"    : true,
        "no-host-metadata-property"   : true,
        "no-input-rename"             : true,
        "no-inputs-metadata-property" : true,
        "no-output-native"            : true,
        "no-output-on-prefix"         : true,
        "no-output-rename"            : true,
        "semicolon"                   : {
            "options": [
                "always"
            ]
        },
        "space-before-function-paren" : {
            "options": {
                "anonymous"  : "never",
                "asyncArrow" : "always",
                "constructor": "never",
                "method"     : "never",
                "named"      : "never"
            }
        },
        "no-outputs-metadata-property": true,
        "template-banana-in-box"      : true,
        "template-no-negated-async"   : true,
        "typedef-whitespace"          : {
            "options": [
                {
                    "call-signature"      : "nospace",
                    "index-signature"     : "nospace",
                    "parameter"           : "nospace",
                    "property-declaration": "nospace",
                    "variable-declaration": "nospace"
                },
                {
                    "call-signature"      : "onespace",
                    "index-signature"     : "onespace",
                    "parameter"           : "onespace",
                    "property-declaration": "onespace",
                    "variable-declaration": "onespace"
                }
            ]
        },
        "use-lifecycle-interface"     : true,
        "use-pipe-transform-interface": true,
        "variable-name"               : {
            "options": [
                "ban-keywords",
                "check-format",
                "allow-pascal-case"
            ]
        },
        "whitespace"                  : {
            "options": [
                "check-branch",
                "check-decl",
                "check-operator",
                "check-separator",
                "check-type",
                "check-typecast"
            ]
        }
    },
    "rulesDirectory": [
        "codelyzer"
    ]
}
